{
	"IcoMoonType": "selection",
	"icons": [
		{
			"icon": {
				"paths": [
					"M992.262 871.396l-242.552-206.294c-25.074-22.566-51.89-32.926-73.552-31.926 57.256-67.068 91.842-154.078 91.842-249.176 0-212.078-171.922-384-384-384-212.076 0-384 171.922-384 384s171.922 384 384 384c95.098 0 182.108-34.586 249.176-91.844-1 21.662 9.36 48.478 31.926 73.552l206.294 242.552c35.322 39.246 93.022 42.554 128.22 7.356s31.892-92.898-7.354-128.22zM384 640c-141.384 0-256-114.616-256-256s114.616-256 256-256 256 114.616 256 256-114.614 256-256 256z"
				],
				"attrs": [],
				"isMulticolor": false,
				"tags": [
					"search",
					"magnifier",
					"magnifying-glass",
					"inspect",
					"find"
				],
				"grid": 16
			},
			"attrs": [],
			"properties": {
				"order": 1,
				"prevSize": 16,
				"ligatures": "search, magnifier",
				"name": "search",
				"id": 0,
				"code": 59648
			},
			"setIdx": 0,
			"setId": 2,
			"iconIdx": 0
		},
		{
			"icon": {
				"paths": [
					"M1024 0v416l-160-160-192 192-96-96 192-192-160-160zM448 672l-192 192 160 160h-416v-416l160 160 192-192z"
				],
				"attrs": [],
				"isMulticolor": false,
				"tags": [
					"enlarge",
					"expand",
					"maximize",
					"fullscreen"
				],
				"grid": 16
			},
			"attrs": [],
			"properties": {
				"order": 17,
				"prevSize": 16,
				"ligatures": "enlarge2, expand2",
				"name": "enlarge2",
				"id": 1,
				"code": 59650
			},
			"setIdx": 0,
			"setId": 2,
			"iconIdx": 1
		},
		{
			"icon": {
				"paths": [
					"M448 576v416l-160-160-192 192-96-96 192-192-160-160zM1024 96l-192 192 160 160h-416v-416l160 160 192-192z"
				],
				"attrs": [],
				"isMulticolor": false,
				"tags": [
					"shrink",
					"collapse",
					"minimize",
					"contract"
				],
				"grid": 16
			},
			"attrs": [],
			"properties": {
				"order": 18,
				"prevSize": 16,
				"ligatures": "shrink2, collapse2",
				"name": "shrink2",
				"id": 2,
				"code": 59651
			},
			"setIdx": 0,
			"setId": 2,
			"iconIdx": 2
		},
		{
			"icon": {
				"paths": [
					"M768 639.968l-182.82-182.822 438.82-329.15-128.010-127.996-548.52 219.442-172.7-172.706c-49.78-49.778-119.302-61.706-154.502-26.508-35.198 35.198-23.268 104.726 26.51 154.5l172.686 172.684-219.464 548.582 127.99 128.006 329.19-438.868 182.826 182.828v255.98h127.994l63.992-191.988 191.988-63.996v-127.992l-255.98 0.004z"
				],
				"attrs": [],
				"isMulticolor": false,
				"tags": [
					"airplane",
					"travel",
					"flight",
					"plane",
					"transport",
					"fly",
					"vacation"
				],
				"grid": 16
			},
			"attrs": [],
			"properties": {
				"order": 16,
				"prevSize": 16,
				"ligatures": "airplane, travel",
				"name": "airplane",
				"id": 3,
				"code": 59649
			},
			"setIdx": 0,
			"setId": 2,
			"iconIdx": 3
		},
		{
			"icon": {
				"paths": [
					"M704 1024h320l-256-1024h-192l32 256h-192l32-256h-192l-256 1024h320l32-256h320l32 256zM368 640l32-256h224l32 256h-288z"
				],
				"attrs": [],
				"isMulticolor": false,
				"tags": [
					"road",
					"asphalt",
					"travel"
				],
				"grid": 16
			},
			"attrs": [],
			"properties": {
				"order": 19,
				"prevSize": 16,
				"ligatures": "road, asphalt",
				"name": "road",
				"id": 4,
				"code": 59652
			},
			"setIdx": 0,
			"setId": 2,
			"iconIdx": 4
		},
		{
			"icon": {
				"paths": [
					"M512 0c-282.77 0-512 229.23-512 512s229.23 512 512 512 512-229.23 512-512-229.23-512-512-512zM512 960.002c-62.958 0-122.872-13.012-177.23-36.452l233.148-262.29c5.206-5.858 8.082-13.422 8.082-21.26v-96c0-17.674-14.326-32-32-32-112.99 0-232.204-117.462-233.374-118.626-6-6.002-14.14-9.374-22.626-9.374h-128c-17.672 0-32 14.328-32 32v192c0 12.122 6.848 23.202 17.69 28.622l110.31 55.156v187.886c-116.052-80.956-192-215.432-192-367.664 0-68.714 15.49-133.806 43.138-192h116.862c8.488 0 16.626-3.372 22.628-9.372l128-128c6-6.002 9.372-14.14 9.372-22.628v-77.412c40.562-12.074 83.518-18.588 128-18.588 70.406 0 137.004 16.26 196.282 45.2-4.144 3.502-8.176 7.164-12.046 11.036-36.266 36.264-56.236 84.478-56.236 135.764s19.97 99.5 56.236 135.764c36.434 36.432 85.218 56.264 135.634 56.26 3.166 0 6.342-0.080 9.518-0.236 13.814 51.802 38.752 186.656-8.404 372.334-0.444 1.744-0.696 3.488-0.842 5.224-81.324 83.080-194.7 134.656-320.142 134.656z"
				],
				"attrs": [],
				"isMulticolor": false,
				"tags": [
					"earth",
					"globe",
					"language",
					"web",
					"internet",
					"sphere",
					"planet"
				],
				"grid": 16
			},
			"attrs": [],
			"properties": {
				"order": 15,
				"prevSize": 16,
				"ligatures": "earth, globe2",
				"name": "earth",
				"id": 5,
				"code": 59653
			},
			"setIdx": 0,
			"setId": 2,
			"iconIdx": 5
		},
		{
			"icon": {
				"paths": [
					"M741.714 755.429q0 22.857-16 38.857l-77.714 77.714q-16 16-38.857 16t-38.857-16l-168-168-168 168q-16 16-38.857 16t-38.857-16l-77.714-77.714q-16-16-16-38.857t16-38.857l168-168-168-168q-16-16-16-38.857t16-38.857l77.714-77.714q16-16 38.857-16t38.857 16l168 168 168-168q16-16 38.857-16t38.857 16l77.714 77.714q16 16 16 38.857t-16 38.857l-168 168 168 168q16 16 16 38.857z"
				],
				"attrs": [],
				"isMulticolor": false,
				"width": 805,
				"tags": [
					"close",
					"remove",
					"times"
				],
				"grid": 14
			},
			"attrs": [],
			"properties": {
				"order": 1,
				"id": 4,
				"prevSize": 28,
				"code": 59654,
				"name": "close"
			},
			"setIdx": 1,
			"setId": 1,
			"iconIdx": 0
		},
		{
			"icon": {
				"paths": [
					"M801.714 168.571q9.714 23.429-8 40l-281.714 281.714v424q0 24-22.286 33.714-7.429 2.857-14.286 2.857-15.429 0-25.714-10.857l-146.286-146.286q-10.857-10.857-10.857-25.714v-277.714l-281.714-281.714q-17.714-16.571-8-40 9.714-22.286 33.714-22.286h731.429q24 0 33.714 22.286z"
				],
				"attrs": [],
				"isMulticolor": false,
				"width": 805,
				"tags": [
					"filter"
				],
				"grid": 14
			},
			"attrs": [],
			"properties": {
				"order": 6,
				"id": 3,
				"prevSize": 28,
				"code": 59655,
				"name": "filter"
			},
			"setIdx": 1,
			"setId": 1,
			"iconIdx": 1
		}
	],
	"height": 1024,
	"metadata": {
		"name": "icomoon"
	},
	"preferences": {
		"showGlyphs": true,
		"showQuickUse": true,
		"showQuickUse2": true,
		"showSVGs": true,
		"fontPref": {
			"prefix": "fa-",
			"metadata": {
				"fontFamily": "icomoon",
				"majorVersion": 1,
				"minorVersion": 0
			},
			"metrics": {
				"emSize": 1024,
				"baseline": 6.25,
				"whitespace": 50
			},
			"embed": false,
			"ie7": true,
			"noie8": false
		},
		"imagePref": {
			"prefix": "icon-",
			"png": true,
			"useClassSelector": true,
			"color": 4473924,
			"bgColor": 16777215,
			"classSelector": ".icon"
		},
		"historySize": 100,
		"showCodes": true,
		"gridSize": 16
	}
}